Title,Date,URL,Preview
PTC v71 Release Thread,yesterday,/t5/Announcements/PTC-v71-Release-Thread/ba-p/1248876,"The Public Test Channel (PTC) for Quest v71 is starting to roll out soon
for Meta Quest 2, Meta Quest Pro, and Meta Quest 3. If you're seeing an
issue or bug after updating to PTC v71: 1) For issues: ..."
Meta Quest build v69 release notes,09-07-2024,/t5/Announcements/Meta-Quest-build-v69-release-notes/ba-p/1237980,"Woohoo! v69 is starting to roll out! These features and enhancements
will become available starting the week of September 5, 2024 and will be
pushed to Meta Quest 3, Meta Quest Pro and Meta Quest 2 he..."
PTC v69 Release Thread,08-09-2024,/t5/Announcements/PTC-v69-Release-Thread/ba-p/1228094,"The Public Test Channel (PTC) for Quest v69 is starting to roll out soon
for Meta Quest 2, Meta Quest Pro, and Meta Quest 3. If you're seeing an
issue or bug after updating to PTC v69: 1) For issues: ..."
Meta Quest mobile app is getting a new name and look,07-22-2024,/t5/Announcements/Meta-Quest-mobile-app-is-getting-a-new-name-and-look/ba-p/1220439,"We’ve been making our mobile app better so you can explore experiences
easier than ever, right from your phone. Here’s what’s new: Dynamic
self-expression: Easily refresh your avatar with regularly up..."
PTC v68 Release Thread,07-15-2024,/t5/Announcements/PTC-v68-Release-Thread/ba-p/1218151,"Thanks everyone for all your feedback on our previous builds, several
bugs were identified in PTC v67 and the solutions for some have shipped,
while others are on the way!The Public Test Channel (PTC)..."
Meta Quest build v67 release notes,07-08-2024,/t5/Announcements/Meta-Quest-build-v67-release-notes/ba-p/1215574,"These features and enhancements are becoming available starting this
week of July 8, 2024 and are pushed to Meta Quest 3, Meta Quest Pro and
Meta Quest 2 headsets. Please note that you can find the mo..."
PTC v67 Release Thread,06-25-2024,/t5/Announcements/PTC-v67-Release-Thread/ba-p/1209832,"Thanks everyone for all your feedback on our previous builds, several
bugs were identified in PTC v66 and the solutions for some have shipped,
while others are on the way!The Public Test Channel (PTC)..."
Meta Quest build v66 release notes,06-24-2024,/t5/Announcements/Meta-Quest-build-v66-release-notes/ba-p/1209566,"These features and enhancements have already become available starting
the week of June 3, 2024 and were pushed to Meta Quest 3, Meta Quest Pro
and Meta Quest 2 headsets. Please note that you can find..."
Meta Community AMA: June 2024!,06-10-2024,/t5/Announcements/Meta-Community-AMA-June-2024/ba-p/1203812,"It’s June 10th and we’re giving a start to another monthly AMA this
week! This time around will be a general product questions one. Get
questions ready that you’d like to get answered from our Meta Qu..."
‘Batman: Arkham Shadow’ Debuts Story Trailer and New Details at Summer Game Fest,06-07-2024,/t5/Announcements/Batman-Arkham-Shadow-Debuts-Story-Trailer-and-New-Details-at/ba-p/1202778,"Hopefully you tuned into Summer Game Fest today for the reveal of the
new Batman: Arkham Shadow trailer—but if not, don’t worry. You can find
the new trailer on the blog:
https://www.meta.com/blog/que..."
"A Meta Quest Forum Week in Review: June 5, 2024",06-05-2024,/t5/Announcements/A-Meta-Quest-Forum-Week-in-Review-June-5-2024/ba-p/1202044,"Summer is officially here and things are heating up especially here in
the forums! This post is here to celebrate all the great things that
have been happening around these parts and give thanks to YO..."
‘Beat Saber’ Drops Five Free Tracks With Original Soundtrack 7,06-04-2024,/t5/Announcements/Beat-Saber-Drops-Five-Free-Tracks-With-Original-Soundtrack-7/ba-p/1201184,"What’s better than six years of Beat Saber? A brand-new Original
Soundtrack! Check out the blog for the full track list:
https://www.meta.com/blog/quest/beat-saber-ost7"
"Facts: ‘Supernatural’ = Vigorous Cardio, + New MR Mode",06-04-2024,/t5/Announcements/Facts-Supernatural-Vigorous-Cardio-New-MR-Mode/ba-p/1201182,"We’ve known for years that working out with Meta Quest is convenient,
affordable, and—most of all—fun. And today, we’re adding “effective” to
that list for Supernatural, thanks to a rigorous, first-of..."
"Meta Quest v66 Update: Reduced Passthrough Distortion, Background Audio Support, and More",06-04-2024,/t5/Announcements/Meta-Quest-v66-Update-Reduced-Passthrough-Distortion-Background/ba-p/1201180,"With v66, we’re reducing the amount of visual distortion in Passthrough
on Meta Quest 3. We’ve put out a number of Passthrough-related
improvements in the last few software updates, but this is the bi..."
Meta Quest 3: Your All-in-One MR Headset That’s Always Getting Better,06-04-2024,/t5/Announcements/Meta-Quest-3-Your-All-in-One-MR-Headset-That-s-Always-Getting/ba-p/1201178,"Today, we’re sharing some breaking news, recapping our recent updates
ICYMI, and looking ahead to our 11th annual Connect! Visit the blog for
details:
https://www.meta.com/blog/quest/supernatural-vr-f..."
New Visual Improvements to ‘Asgard’s Wrath 2’ as it Kicks Off Smiter-Themed Cosmic Event,05-31-2024,/t5/Announcements/New-Visual-Improvements-to-Asgard-s-Wrath-2-as-it-Kicks-Off/ba-p/1199849,"It’s a Smiter Epidemic, as the award-winning Asgard’s Wrath 2 kicks off
its latest time-limited Cosmic Event. But that’s not all! This month,
Asgard’s Wrath 2 also gets upgraded visuals on Meta Quest ..."
"‘POPULATION: ONE’ Developers Discuss Phoenix Royale Update, Preview Weekend Now Live",05-31-2024,/t5/Announcements/POPULATION-ONE-Developers-Discuss-Phoenix-Royale-Update-Preview/ba-p/1199846,"POPULATION: ONE is the #1 VR battle royal, and its huge new update is
coming on June 6. Phoenix Royale is a free content update featuring
automatic redeploys to get you back in the fight faster, with ..."
"A Meta Quest Forum Week in Review: May 22, 2024",05-22-2024,/t5/Announcements/A-Meta-Quest-Forum-Week-in-Review-May-22-2024/ba-p/1196435,"May is flying by, but that's no stopping us from celebrating another
week full of great happenings here on the forums! This past week has
been a good one with discussions happening all around. This po..."
"A Meta Quest Forum Week in Review: May 15, 2024",05-15-2024,/t5/Announcements/A-Meta-Quest-Forum-Week-in-Review-May-15-2024/ba-p/1194121,"Happy week everyone! This is another chance to celebrate our awesome
community and gosh darnit we're taking it. Thanks to YOU we've been
having awesome discussions all around these parts during this p..."
PTC v66 Release Thread,05-15-2024,/t5/Announcements/PTC-v66-Release-Thread/ba-p/1194106,"Thanks everyone for all your feedback on our previous builds, several
bugs were identified in PTC v65 and the solutions for some have shipped,
while others are on the way!The Public Test Channel (PTC)..."
"A Meta Quest Forum Week in Review: May 8, 2024",05-08-2024,/t5/Announcements/A-Meta-Quest-Forum-Week-in-Review-May-8-2024/ba-p/1191943,"Did everyone have a good week? Well we sure did here on these forums,
thanks to YOU! Big ups to our awesome community members. We've been
having great discussions and so much more during the week. Thi..."
Meta Community AMA: May 2024 Kickoff!,05-06-2024,/t5/Announcements/Meta-Community-AMA-May-2024-Kickoff/ba-p/1191102,"Alright Meta Community, it is May 6th and time to kick off our first
ever AMA! We are blasting off this series of events with our Link Team.
Ask your questions to our Product Managers, Engineers and D..."
"A Meta Quest Forum Week in Review: May 1, 2024",05-01-2024,/t5/Announcements/A-Meta-Quest-Forum-Week-in-Review-May-1-2024/ba-p/1189364,"Another week, another chance to celebrate YOU, our awesome community
members with an installment of our Meta Quest Forum Week in Review. This
is a post to gather some of the forum's top happenings dur..."
Monthly AMAs are coming to the forums!,05-01-2024,/t5/Announcements/Monthly-AMAs-are-coming-to-the-forums/ba-p/1189326,"We’re so excited to start bringing you all Monthly AMAs (Ask Me
Anythings) to get you the inside scoop on questions that you've been
wanting to ask the Meta team. Each month we’ll either feature a spe..."
Meta Quest build v65 release notes,04-30-2024,/t5/Announcements/Meta-Quest-build-v65-release-notes/ba-p/1188916,"These features and enhancements will become available starting the week
of April 30, 2024 and will be pushed to Meta Quest 3, Meta Quest Pro and
Meta Quest 2 headsets. Please note that you can find th..."
"A Meta Quest Forum Week in Review: April 23, 2024",04-23-2024,/t5/Announcements/A-Meta-Quest-Forum-Week-in-Review-April-23-2024/ba-p/1185918,"The Meta Quest Forum Week in Review is a new installment to celebrate
YOU our community members on what's been going throughout the week. We
recognize all the great discussions and much more that you ..."
Meta Monthly: A March Madness Recap,04-18-2024,/t5/Announcements/Meta-Monthly-A-March-Madness-Recap/ba-p/1185767,"As the Winter months begin to melt away, we spring into a new happenings
here in the Meta Quest Forums and for the Meta Quest. March brought us
some cool new things in regards to a PTC, game, plus sof..."
PTC v65 Release Thread,04-17-2024,/t5/Announcements/PTC-v65-Release-Thread/ba-p/1185347,"Thanks everyone for all your feedback on our previous builds, several
bugs were identified in PTC v64 and the solutions for some have shipped,
while others are on the way! The Public Test Channel (PTC..."
Meta Quest build v64 release notes,04-08-2024,/t5/Announcements/Meta-Quest-build-v64-release-notes/ba-p/1180797,"These features and enhancements will become available starting the week
of April 8, 2024 and will be pushed to Meta Quest 3, Meta Quest Pro and
Meta Quest 2 headsets. Please note that you can find the..."
PTC v64 Release Thread,03-27-2024,/t5/Announcements/PTC-v64-Release-Thread/ba-p/1175077,"Thanks everyone for all your feedback on our previous builds, several
bugs were identified in PTC v63 and the solutions for some have shipped,
while others are on the way! The Public Test Channel (PTC..."
Meta Monthly February Recap: I <3 My Meta Quest,03-13-2024,/t5/Announcements/Meta-Monthly-February-Recap-I-lt-3-My-Meta-Quest/ba-p/1168226,"Cue song instrumentals…and go.... “L is for the way you look at me.”How
does it feel when you look into those sweet pancake lenses and play your
favorite VR game? Now that has to be some form of love ..."
‘Survivor: Horizon Island’ Brings the Hit CBS Original Series to Meta Quest,03-08-2024,/t5/Announcements/Survivor-Horizon-Island-Brings-the-Hit-CBS-Original-Series-to/ba-p/1165509,"The hit CBS Original series Survivor made its American debut in 2000,
and now fans can experience the reality show like never before with the
launch of Survivor: Horizon Island in Meta Horizon Worlds ..."
Eclectic Electric: ‘Beat Saber’ Daft Punk Music Pack Now Live,03-07-2024,/t5/Announcements/Eclectic-Electric-Beat-Saber-Daft-Punk-Music-Pack-Now-Live/ba-p/1164974,"The wait is over—the Daft Punk Music Pack is now live in Beat Saber!
Learn more and check out the full track list on the blog:
https://www.meta.com/blog/quest/beat-saber-daft-punk-music-pack/"
"Headspace Launches Immersive Mindfulness and Meditation App, ‘Headspace XR’",03-06-2024,/t5/Announcements/Headspace-Launches-Immersive-Mindfulness-and-Meditation-App/ba-p/1164507,"With a mission to improve access to lifelong mental health support,
Headspace has had an impact on over 100 million people’s lives across
200 countries and regions around the world. And whether you wa..."
Meta Quest build v63 release notes,03-05-2024,/t5/Announcements/Meta-Quest-build-v63-release-notes/ba-p/1163937,"These features and enhancements will become available starting the week
of March 5, 2024 and will be pushed to Meta Quest 3, Meta Quest Pro, and
Meta Quest 2 headsets. Please note that you can find th..."
Eclectic Electric: ‘Beat Saber’ Announces Daft Punk Music Pack Coming March 7,03-01-2024,/t5/Announcements/Eclectic-Electric-Beat-Saber-Announces-Daft-Punk-Music-Pack/ba-p/1161886,"With a legacy spanning three decades, Daft Punk is one of the world’s
most influential electronic music acts. And soon, you’ll be able to
slash to their synthesized beats with the upcoming launch of t..."
"How Virtual & Mixed Reality Are Changing the Face of Training for the Trades, Healthcare, & Sports",02-27-2024,/t5/Announcements/How-Virtual-amp-Mixed-Reality-Are-Changing-the-Face-of-Training/ba-p/1160091,"While it’s still early days for the metaverse, technologies like virtual
and mixed reality are already unlocking new possibilities to improve
skills acquisition and training. From people looking to ma..."
"Epic Adventure, Mouse-Scale Proportions: Polyarc Celebrates Six Years of ‘Moss’",02-27-2024,/t5/Announcements/Epic-Adventure-Mouse-Scale-Proportions-Polyarc-Celebrates-Six/ba-p/1160085,"Developer Polyarc is celebrating the sixth anniversary of Moss with a
bundle. You can (and should) pick up both Moss and Moss: Book IIfor 34%
off for a limited time, whether you played it on Rift or P..."
Feb AMA on our Discord This Friday,02-21-2024,/t5/Announcements/Feb-AMA-on-our-Discord-This-Friday/ba-p/1155738,"Hi everyone! This Friday, over in our Meta Quest Community Discord
server, we will be hosting our monthly AMA session. This month, our
guest will be Gustav Stenmark, a producer from Resolution Games. ..."
Meta Monthly January Recap: Kicking off the year right!,02-15-2024,/t5/Announcements/Meta-Monthly-January-Recap-Kicking-off-the-year-right/ba-p/1152485,"January kicked off the year right in the Quest world of VR, especially
when it comes to software and game titles. Need a recap of some of the
month’s big releases? Well look no further, this month’s n..."
PTC v63 Release Thread,02-15-2024,/t5/Announcements/PTC-v63-Release-Thread/ba-p/1152390,"Thanks everyone for all your feedback on our previous builds, several
bugs were identified in PTC v62 and the solutions for some have shipped,
while others are on the way! The Public Test Channel (PTC..."
Other Worlds Sale: Save Up to 60% Off Dozens of VR Games,02-15-2024,/t5/Announcements/Other-Worlds-Sale-Save-Up-to-60-Off-Dozens-of-VR-Games/ba-p/1152267,"From fully immersive games to experiences that seamlessly blend your
physical environment with digital content, Meta Quest is your ticket to
an expanded reality. And whether you’re just getting starte..."
Escape or Expire: ‘Ghosts of Tabor’ Officially Launches Today on Meta Quest,02-08-2024,/t5/Announcements/Escape-or-Expire-Ghosts-of-Tabor-Officially-Launches-Today-on/ba-p/1148742,"Ghosts of Tabor originally launched last March on App Lab, bringing the
excitement of a survival-extraction shooter to Meta Quest. Trapped and
isolated in the aftermath of “the nuclear night”, you and..."
"Hit the Lights: ‘Among Us VR’ Releases First-Ever Limited Time Event, ‘Lights Out’",02-08-2024,/t5/Announcements/Hit-the-Lights-Among-Us-VR-Releases-First-Ever-Limited-Time/ba-p/1148739,"Among Us VR is kicking off 2024 with its first-ever Limited Time Event,
“Lights Out.” From now until March 12, you’ll be able to hop into this
new tug-of-war style mode where Crewmates battle Impostor..."
What the Critics Are Saying: ‘Asgard’s Wrath 2’ Is a Hit,02-07-2024,/t5/Announcements/What-the-Critics-Are-Saying-Asgard-s-Wrath-2-Is-a-Hit/ba-p/1147848,"The critics have spoken, and Asgard’s Wrath 2 is a verifiable hit. The
reception has been incredible, and we’re humbled by the response. A
massive “thank you” goes out to all the players who’ve jumped..."
What to Watch: February 2024 Highlights,02-05-2024,/t5/Announcements/What-to-Watch-February-2024-Highlights/ba-p/1147075,"From the NBA to Naruto, YouTube to the UFC, there’s a wealth of content
to watch on Meta Quest this month. Learn more on the blog:
https://www.meta.com/blog/quest/what-to-watch-free-meta-quest-tv-vr-f..."
Superhero Sandbox: ‘Project Demigod’ Lets You Mix & Match Powers on Meta Quest,02-01-2024,/t5/Announcements/Superhero-Sandbox-Project-Demigod-Lets-You-Mix-amp-Match-Powers/ba-p/1145197,"With 10 ability sets and counting and dozens of possible combinations,
Project Demigod lets you live out your superhero fantasies with
satisfying physics-driven combat. And with over 100,000 copies so..."
Prepare to Enter the Upside Down: ‘Stranger Things VR’ Launches February 22,02-01-2024,/t5/Announcements/Prepare-to-Enter-the-Upside-Down-Stranger-Things-VR-Launches/ba-p/1145195,"It’s almost time to step into the Upside Down... Tender Claws just
announced that Stranger Things VR will launch February 22 on Meta Quest
3, 2, and Pro. Pre-order now to save 10% off the purchase pri..."
"‘Metro Awakening’ Heading to Meta Quest 2, 3, & Pro in 2024",02-01-2024,/t5/Announcements/Metro-Awakening-Heading-to-Meta-Quest-2-3-amp-Pro-in-2024/ba-p/1145192,"Vertigo Games and Deep Silver are proud to announce that they’re
bringing an all-new narrative-driven VR adventure to Meta Quest 2, 3,
and Pro, PS VR2, and PC VR later this year. A prequel from Metro ..."
Step Into the Multiverse with ‘Asgard’s Wrath 2’ & Its Second Cosmic Event,02-01-2024,/t5/Announcements/Step-Into-the-Multiverse-with-Asgard-s-Wrath-2-amp-Its-Second/ba-p/1145187,"Asgard’s Wrath 2 has been out in the wild for just over six weeks now,
and it’s been a little over a month since the first patch went live. The
dev team has been hard at work cooking up some new conte..."
Meta Quest build 62.0 release notes,02-01-2024,/t5/Announcements/Meta-Quest-build-62-0-release-notes/ba-p/1145169,"These features and enhancements will gradually become available starting
the week of February 7, 2024 and will be pushed to Meta Quest 3, Meta
Quest Pro, and Meta Quest 2 headsets. Please note that yo..."
The Magic Under the Hood: How AI Is Powering Meta’s Technologies Today + in the Future,01-25-2024,/t5/Announcements/The-Magic-Under-the-Hood-How-AI-Is-Powering-Meta-s-Technologies/ba-p/1142002,"There’s a well-worn saying that magicians never reveal their secrets.
But today, we’re taking you behind the scenes for a look at some of the
magic under the hood of Meta’s hardware. Visit the blog to..."
Come Out Swinging: Mech Brawler ‘UNDERDOGS’ Now Available on Meta Quest,01-25-2024,/t5/Announcements/Come-Out-Swinging-Mech-Brawler-UNDERDOGS-Now-Available-on-Meta/ba-p/1142000,"We’ve seen cockpit-based mech brawlers in VR in the past, but with its
cel-shaded art style, gritty atmosphere, and arm-based locomotion,
UNDERDOGS stands poised to set itself apart from what’s come b..."
Carbon Studio’s ‘Hunt Together’ Brings PvP Horror Home to Meta Quest,01-25-2024,/t5/Announcements/Carbon-Studio-s-Hunt-Together-Brings-PvP-Horror-Home-to-Meta/ba-p/1141995,"Since its startup days in 2015, Carbon Studio has been winning over VR
gamers with a lineup of titles spanning The Wizards and The Wizards -
Dark Times: Brotherhood to Crimen - Mercenary Tales, Warham..."
Transform Your Reality: Unique MR Platformer ‘Demeter’ Now Available on Meta Quest,01-25-2024,/t5/Announcements/Transform-Your-Reality-Unique-MR-Platformer-Demeter-Now/ba-p/1141809,"Unlike Novelab’s prior projects, Demeter is a full-fledged game—a
narrative platformer, specifically—built from the ground up for mixed
reality. In fact, at a couple of playtime hours (three or four f..."
A Look at Microsoft 365 PWAs on Meta Quest,01-24-2024,/t5/Announcements/A-Look-at-Microsoft-365-PWAs-on-Meta-Quest/ba-p/1141228,"You know what we love? Spreadsheets! And with Microsoft 365 progressive
web apps (PWAs) for the Meta Quest Platform, we can get our fix in VR
and MR. Learn more on the blog:
https://www.meta.com/blog/..."
Ready for Action: VR Extraction Shooter ‘Ghosts of Tabor’ Graduates to the Meta Quest Store on Febru,01-24-2024,/t5/Announcements/Ready-for-Action-VR-Extraction-Shooter-Ghosts-of-Tabor-Graduates/ba-p/1141100,"Following nearly a year of basic training on App Lab, Beyond Frames
Entertainment and Combat Waffle Studios have set their sights on the
Meta Quest Store for their critically acclaimed VR extraction s..."
The Official ‘Asgard’s Wrath 2’ Player’s Guide,01-23-2024,/t5/Announcements/The-Official-Asgard-s-Wrath-2-Player-s-Guide/ba-p/1140558,"Loki’s chaos must be stopped. The fate of reality is in your hands in
Asgard’s Wrath 2—only on Meta Quest. Check out the official player’s
guide on the blog:
https://www.meta.com/blog/quest/asgards-wr..."
Start Something New Sale: Save Up to 45% Off Dozens of VR Games,01-22-2024,/t5/Announcements/Start-Something-New-Sale-Save-Up-to-45-Off-Dozens-of-VR-Games/ba-p/1139822,"Cheers to new beginnings! The new year is in full swing, and it’s the
perfect time to jump into some new immersive adventures. Save up to 45%
off on dozens of titles during the Start Something New Sal..."
Shooty Shooty Bang Bang: ‘Bulletstorm’ Now Available on Meta Quest,01-18-2024,/t5/Announcements/Shooty-Shooty-Bang-Bang-Bulletstorm-Now-Available-on-Meta-Quest/ba-p/1137371,"It’s been 12 years since Bulletstorm first launched its unique brand of
hilarious ultraviolence. And today, Incuvo transports players back into
the shoes of hot-headed space mercenary Grayson Hunt—lit..."
‘Walkabout Mini Golf’ Launches New Around the World in 80 Days Course—Completing Its Jules Verne Tri,01-18-2024,/t5/Announcements/Walkabout-Mini-Golf-Launches-New-Around-the-World-in-80-Days/ba-p/1137369,"Grab your virtual putter and prepare for an extraordinary journey
departing from Port Eiffel—a Gilded Age airport for lighter-than-air
ships docked high above Paris as it hosts the 1889 World’s Fair. ..."
PTC v62 Release Thread,01-17-2024,/t5/Announcements/PTC-v62-Release-Thread/ba-p/1136359,"Thanks everyone for all your feedback on our previous builds, several
bugs were identified in PTC v60 and the solutions for some have shipped,
while others are on the way! The Public Test Channel (PTC..."
Meta Monthly: 2023 Community Wrap-Up Plus December Events Recap,01-11-2024,/t5/Announcements/Meta-Monthly-2023-Community-Wrap-Up-Plus-December-Events-Recap/ba-p/1133555,"We are now kickin’ off the New Year! Hope everyone is having a nice
fresh new start in 2024. If you’re like me, you spent most of the
holiday season on your Quest 3. I cozied up in my cabin on Real Fi..."
CES 2024: How Immersive Tech Is Redefining the Limits of Human Connection,01-11-2024,/t5/Announcements/CES-2024-How-Immersive-Tech-Is-Redefining-the-Limits-of-Human/ba-p/1133400,"CES 2024 is well underway in Las Vegas, and we had the chance to attend
an event hosted by Forbes and sponsored by Meta that explored the
intersection of immersive technologies like augmented and virt..."
Welcome to the Jungle: VR Mech Brawler ‘UNDERDOGS’ Launches January 25,01-11-2024,/t5/Announcements/Welcome-to-the-Jungle-VR-Mech-Brawler-UNDERDOGS-Launches-January/ba-p/1133396,"Revealed during the 2023 Meta Quest Gaming Showcase, physics-based VR
mech brawler UNDERDOGS was an instant fan favorite, winning over the
community with its cel-shaded art style and gritty cyberpunk ..."
‘POPULATION: ONE’ Launches Event Series 1: Earn Unique Rewards for Free,01-11-2024,/t5/Announcements/POPULATION-ONE-Launches-Event-Series-1-Earn-Unique-Rewards-for/ba-p/1133391,"The new year is in full swing, and POPULATION: ONE is back with its
first free content update of 2024: Event Series 1! Learn more on the
blog: https://www.meta.com/blog/quest/population-one-event-seri..."
Doja Cat Joins the Music Valley Lineup in Meta Horizon Worlds,01-09-2024,/t5/Announcements/Doja-Cat-Joins-the-Music-Valley-Lineup-in-Meta-Horizon-Worlds/ba-p/1132102,"I said what I said: The one and only Doja Cat is about to make her VR
premier. Learn more on the blog:
https://www.meta.com/blog/quest/doja-cat-scarlet-tour-vr-horizon-worlds"
Save Up to 60% Off 175+ Titles During the Meta Quest Holiday Sale!,12-18-2023,/t5/Announcements/Save-Up-to-60-Off-175-Titles-During-the-Meta-Quest-Holiday-Sale/ba-p/1117462,"Christmas is just a week away, and it’s time to shop our biggest sale of
the year! Save up to 60% off on 175+ titles during the Meta Quest
Holiday Sale, now through 11:59 pm PT on January 2. Learn mor..."
"Hit the Courts in ‘Racket Club,’ an All-New Sport Built For VR",12-14-2023,/t5/Announcements/Hit-the-Courts-in-Racket-Club-an-All-New-Sport-Built-For-VR/ba-p/1115607,"Racket sports are on the rise, and Racket Club is here to bring all the
fun and addictiveness of those sports to VR. Check out our interview
with Resolution Games Chief Creative Officer Mathieu Castel..."
Cuteness Overload: ‘Neko Atsume Purrfect Kitty Collector’ Now Available on Meta Quest,12-14-2023,/t5/Announcements/Cuteness-Overload-Neko-Atsume-Purrfect-Kitty-Collector-Now/ba-p/1115601,"Neko Atsume has been letting people collect and admire digital cats for
nearly a decade. And starting today, you can pick them up and give them
a cuddle, too! Learn more:
https://www.meta.com/blog/que..."
The Final Countdown: ‘Asgard’s Wrath 2’ Launches Tomorrow!,12-14-2023,/t5/Announcements/The-Final-Countdown-Asgard-s-Wrath-2-Launches-Tomorrow/ba-p/1115401,"It’s been just over four years since Asgard’s Wrath launched on the Rift
Platform. It was a landmark title for VR—helping to usher in a new era
of ambition and audacity among game developers. Fast-for..."
Xbox Cloud Gaming (Beta) Is Here!,12-13-2023,/t5/Announcements/Xbox-Cloud-Gaming-Beta-Is-Here/ba-p/1114996,"You can now stream hundreds of high-quality games to your own private
theater—no console or TV required. Learn more on the blog:
https://www.meta.com/blog/quest/xbox-cloud-gaming-beta-launch"
Meta Monthly: November means the holidays are near!,12-11-2023,/t5/Announcements/Meta-Monthly-November-means-the-holidays-are-near/ba-p/1114486,"The month of November kicked off the holiday season with lots of
happenings here in the forums and with the Meta Quest. Let’s dig a bit
deeper into all of that in this month’s Meta Monthly. The MVP Sq..."
Fred Is Back: ‘Arizona Sunshine 2’ Brings the Zombified Apocalypse Back to Meta Quest,12-07-2023,/t5/Announcements/Fred-Is-Back-Arizona-Sunshine-2-Brings-the-Zombified-Apocalypse/ba-p/1112770,"Arizona Sunshine® has been wowing zombiephiles and VR gamers alike since
its Rift debut in 2016. That’s seven years of post-apocalyptic carnage
served up with a side of wry humor. And now, fans of the..."
Build and Explore: ‘LEGO® Bricktales’ is Available Now on Meta Quest,12-07-2023,/t5/Announcements/Build-and-Explore-LEGO-Bricktales-is-Available-Now-on-Meta-Quest/ba-p/1112767,"There’s something very satisfying about building with LEGO® bricks. From
sorting the colorful plastic pieces to snapping them together, you can’t
help but feel accomplished when you see the end result..."
A Cracking Good Time: ‘Wallace & Gromit in The Grand Getaway’ Arrives on Meta Quest,12-07-2023,/t5/Announcements/A-Cracking-Good-Time-Wallace-amp-Gromit-in-The-Grand-Getaway/ba-p/1112747,"When the team at Atlas V met with the fine folks at Aardman, the synergy
was instant, thanks to a mutual admiration for storytelling and
innovation in animation. And that shared passion laid the found..."
Portals of Possibility: ‘Walkabout Mini Golf’ Adds New Meow Wolf Course,12-07-2023,/t5/Announcements/Portals-of-Possibility-Walkabout-Mini-Golf-Adds-New-Meow-Wolf/ba-p/1112708,"Meow Wolf is an art collective that blends sculpture, narrative, digital
art, world building, and more to create large-scale projects that
surprise, delight, sometimes confuse, and always inspire. And..."
A World Worth Saving: Pre-Order ‘Demeter’ to Save 10%,12-06-2023,/t5/Announcements/A-World-Worth-Saving-Pre-Order-Demeter-to-Save-10/ba-p/1112271,"Demeter is a unique adventure built from the ground up for mixed reality
(MR). In this one-of-a-kind platformer, you’ll solve puzzles, fight
enemies, and explore a new world—all in your own physical s..."
Developer Diary: Cosmic Events + Loki Anomalies Bring Live Ops to ‘Asgard’s Wrath 2’,12-06-2023,/t5/Announcements/Developer-Diary-Cosmic-Events-Loki-Anomalies-Bring-Live-Ops-to/ba-p/1112258,"T-minus nine days until the launch of Asgard’s Wrath 2—the epic follow
up to the hit VR title Asgard’s Wrath from Sanzaru Games. Today, we’re
revealing the vocal cast + sharing a look at the game’s li..."
Celebrating 10 Years of AI Innovation + the Future of AR/VR,12-06-2023,/t5/Announcements/Celebrating-10-Years-of-AI-Innovation-the-Future-of-AR-VR/ba-p/1112256,"This year marks the 10th anniversary of Meta’s Fundamental AI Research
(FAIR) team. Hear from Michael Abrash on what that means for the future
of AR &amp; VR:
https://www.meta.com/blog/quest/fair-10-year-..."
Meta Quest build v60 release notes,12-05-2023,/t5/Announcements/Meta-Quest-build-v60-release-notes/ba-p/1111914,"These features and enhancements will gradually become available starting
the week of December 4, 2023 and will be pushed to Meta Quest 3, Meta
Quest Pro and Meta Quest 2 headsets. Please note that you..."
"Become a Ninja Assassin in ‘Arashi: Castles of Sin - Final Cut,’ Out Now",12-05-2023,/t5/Announcements/Become-a-Ninja-Assassin-in-Arashi-Castles-of-Sin-Final-Cut-Out/ba-p/1111690,"It’s been just shy of six months since Skydance Interactive announced
that it was bringing the award-winning stealth-action VR game Arashi:
Castles of Sin to Meta Quest 2 and 3, PlayStation VR2, and P..."
"‘Beat Saber’ Launches Original Soundtrack 6 Featuring Lindsey Stirling, DragonForce, & More",12-05-2023,/t5/Announcements/Beat-Saber-Launches-Original-Soundtrack-6-Featuring-Lindsey/ba-p/1111602,"’Tis the season of gift-giving, and the Beat Saber team has a little
something special for your virtual stocking with today’s free launch of
Original Soundtrack 6! Learn more on the blog:
https://www...."
Boz to the Future Episode 16: 10 Years of FAIR with Guests Joelle Pineau + Yann LeCun,12-05-2023,/t5/Announcements/Boz-to-the-Future-Episode-16-10-Years-of-FAIR-with-Guests-Joelle/ba-p/1111598,"Welcome back for another episode of Boz to the Future, a podcast from
Reality Labs. In today’s episode, our host, Meta CTO and Head of Reality
Labs Andrew “Boz” Bosworth is joined by Meta VP of AI Res..."
"Future Forward: How Immersive Tech Is Changing the Face of Construction, Education, & Beyond",11-29-2023,/t5/Announcements/Future-Forward-How-Immersive-Tech-Is-Changing-the-Face-of/ba-p/1109150,"The metaverse is a big bet and a long-term ambition—and parts of the
metaverse are already with us, with people reaping the benefits of new
social experiences, educational tools, and more. Today, we’r..."
Summon Your Friends for Co-Op Spellcasting in ‘The Wizards - Dark Times’ Brotherhood Update,11-28-2023,/t5/Announcements/Summon-Your-Friends-for-Co-Op-Spellcasting-in-The-Wizards-Dark/ba-p/1108713,"Fans of VR spellcasting are in luck, as Carbon Studio and Vertigo Games
launch the Brotherhood Update for The Wizards - Dark Times on Meta Quest
2 + 3. Check out our interview with Carbon Studio Co-Fo..."
‘Galapagos with David Attenborough’ Dives Deep on Biodiversity,11-21-2023,/t5/Announcements/Galapagos-with-David-Attenborough-Dives-Deep-on-Biodiversity/ba-p/1106303,"Originally produced for television a decade ago, this new VR production
of Galapagos with David Attenborough seamlessly blends live-action
footage with original and emotive illustrations made in VR wi..."
Next on Quest: November 2023,11-21-2023,/t5/Announcements/Next-on-Quest-November-2023/ba-p/1106244,"Last month, we debuted Next on Quest—a new series of videos that shares
the latest and greatest on the Meta Quest Store, plus a look at what’s
coming down the pike. Today, we’re back with a new instal..."
"Feel the Real: ‘Supernatural’ Unveils New Campaign, ‘Unreal Fitness’",11-20-2023,/t5/Announcements/Feel-the-Real-Supernatural-Unveils-New-Campaign-Unreal-Fitness/ba-p/1105914,"For anyone with a headset, the link between VR and fitness is likely a
no-brainer. And today, Supernatural debuted a new campaign directed at
the skeptics in our midst who don’t yet realize the full r..."
"Give Thanks with Black Friday + Cyber Monday Deals, Now Live",11-20-2023,/t5/Announcements/Give-Thanks-with-Black-Friday-Cyber-Monday-Deals-Now-Live/ba-p/1105884,"We’ve got a reason to celebrate before we break out the pumpkin pie:
From now through 10:00 am PT on November 28, you can save up to 40% on
hit VR games during our Black Friday + Cyber Monday Deals Sa..."
Become a Master Assassin in ‘Assassin’s Creed® Nexus VR’,11-16-2023,/t5/Announcements/Become-a-Master-Assassin-in-Assassin-s-Creed-Nexus-VR/ba-p/1104825,"Today’s the day: Assassin’s Creed® Nexus VR has arrived! Parkour,
combat, and stealth combine to deliver VR’s very first entry in the
Assassin’s Creed universe—complete with brand-new storylines. Chec..."
"Meta Horizon Worlds Kicks Off VR Concert Events with BLACKPINK, iHeartRadio, and Red Rocks Series",11-15-2023,/t5/Announcements/Meta-Horizon-Worlds-Kicks-Off-VR-Concert-Events-with-BLACKPINK/ba-p/1104550,"Festival season is fab, but what if you could have all the fun, feels,
and fits combined with a killer view—no road trips or airport security
lines required? Turns out, you 100% can, thanks to VR. Che..."
PTC v60 Release Thread,11-14-2023,/t5/Announcements/PTC-v60-Release-Thread/ba-p/1104019,"Thanks everyone for all your feedback on our previous builds, several
bugs were identified in PTC v59 and the solutions for some have shipped,
while others are on the way! The Public Test Channel (PTC..."
Meta Monthly: Spooky Season comes to a close!,11-10-2023,/t5/Announcements/Meta-Monthly-Spooky-Season-comes-to-a-close/ba-p/1102843,"As we head further into the “ber” months, October officially comes to a
close. Since it’s the month after Quest 3’s awaited launch, there has
been a lot happening in terms of game releases and through..."
Game Night Gets Competitive: ‘Demeo Battles’ Combines Turn-Based Strategy & Combat,11-09-2023,/t5/Announcements/Game-Night-Gets-Competitive-Demeo-Battles-Combines-Turn-Based/ba-p/1102319,"Today, the Demeo Action Role-Playing System evolves with the highly
anticipated launch of Demeo Battles. A turn-based strategy game in which
two teams face off in combat, Demeo Battles offers fast-pac..."
"‘Onward’ Releases Update 1.13, Including a New Map + Night Vision Goggle Updates",11-07-2023,/t5/Announcements/Onward-Releases-Update-1-13-Including-a-New-Map-Night-Vision/ba-p/1099588,"Whether you’re a seasoned virtual soldier or a relative newcomer to
Onward, there’s never been a better time to jump in the game. Today
marks the release of Update 1.13, which brings with it improveme..."
Meta Quest+ November 2023 Titles: ‘NFL PRO ERA’ & ‘Angry Birds VR: Isle of Pigs’,11-01-2023,/t5/Announcements/Meta-Quest-November-2023-Titles-NFL-PRO-ERA-amp-Angry-Birds-VR/ba-p/1099458,"November is here, which means new Meta Quest+ games! Click here to learn
more."
Meta Quest 3 Selected as One of Oprah’s Favorite Things 2023,11-01-2023,/t5/Announcements/Meta-Quest-3-Selected-as-One-of-Oprah-s-Favorite-Things-2023/ba-p/1099348,"The holiday season is upon us, which means gift guides galore—including
the annual Oprah’s Favorite Things holiday gift list. Meta Quest 2 made
the cut for two years running, and it seems third year’s..."
Sinking the Hook into Horror Games,10-31-2023,/t5/Announcements/Sinking-the-Hook-into-Horror-Games/ba-p/1099139,"Back in 2020, Director of Content Ecosystem Chris Pruett wrote about how
VR is the best platform for horror games, in part because it demands
absolute attention, and in part because VR is good at gett..."
Stereoscopic Scares: Celebrate Halloween in VR & MR with Meta Quest,10-31-2023,/t5/Announcements/Stereoscopic-Scares-Celebrate-Halloween-in-VR-amp-MR-with-Meta/ba-p/1098070,"We just posted a list of over three dozen ways to celebrate spooky
season in-headset this year. What are your favorite holiday haunts? Let
us know, and we might include them in next year’s list!"
Meta Quest build v59 release notes,10-30-2023,/t5/Announcements/Meta-Quest-build-v59-release-notes/ba-p/1098899,"These features and enhancements will become available starting the week
of October 24, 2023 and will be pushed to Meta Quest 3, Meta Quest Pro
and Meta Quest 2 headsets. Please note that you can find ..."
‘Beat Saber’ Launches The Rolling Stones Music Pack,10-30-2023,/t5/Announcements/Beat-Saber-Launches-The-Rolling-Stones-Music-Pack/ba-p/1098830,"The Rolling Stones just released Hackney Diamonds, their first studio
album of original material since 2005, and to celebrate, the band is
partnering with Beat Saber to bring The Rolling Stones Music ..."
Who You Gonna Call? ‘Ghostbusters: Rise of the Ghost Lord’ Now Available on Meta Quest,10-27-2023,/t5/Announcements/Who-You-Gonna-Call-Ghostbusters-Rise-of-the-Ghost-Lord-Now/ba-p/1098021,"Whether you saw the original films in theaters, grew up on the animated
series, or just recently jumped on the franchise with 2021’s Afterlife,
odds are that Ghostbusters holds a special place in your..."
Pre-Order ‘Arizona Sunshine 2 Deluxe Edition’ to Save 10% and Unlock Exclusive Cosmetics,10-27-2023,/t5/Announcements/Pre-Order-Arizona-Sunshine-2-Deluxe-Edition-to-Save-10-and/ba-p/1098018,"For a limited time, you can pre-order Arizona Sunshine 2 Deluxe Edition
to save 10% off the purchase price and unlock exclusive cosmetics: the
Biker Bark Vest, Ducky Charm, and Worker Watch. Click her..."
Nothing But Net: The NBA Returns to Xtadium & Meta Horizon Worlds with Immersive Games for 2023-24,10-25-2023,/t5/Announcements/Nothing-But-Net-The-NBA-Returns-to-Xtadium-amp-Meta-Horizon/ba-p/1097145,"Get ready to go courtside from the comfort of home. The NBA is back with
52 immersive games on Meta Quest. Visit the blog for details."
Supernatural Introduces Subscription Bundles with Meta Quest 2 + 3,10-24-2023,/t5/Announcements/Supernatural-Introduces-Subscription-Bundles-with-Meta-Quest-2-3/ba-p/1096589,"It’s easier than ever for people to get started on your own fitness
journey: Starting today, any new purchase of Meta Quest 2 or 3 from
shop.getsupernatural.com in the US and Canada qualifies you for ..."
Meta Avatars Update: The Devil’s in the Details,10-24-2023,/t5/Announcements/Meta-Avatars-Update-The-Devil-s-in-the-Details/ba-p/1096585,"Whether you’re in your Barbiecore era, channeling your inner mermaid, or
taking a page out of goth icon Wednesday Addams’s playbook, Halloween is
the perfect time to express yourself, reinvent your im..."
Video Goes Volumetric: Step Inside Henry Stauf’s Mansion in ‘The 7th Guest VR’,10-19-2023,/t5/Announcements/Video-Goes-Volumetric-Step-Inside-Henry-Stauf-s-Mansion-in-The/ba-p/1094865,"It’s been 30 years since The 7th Guest originally launched, helping to
usher in a new era of CD-ROM gaming. So it seems only fitting that
Vertigo Games is releasing The 7th Guest VR in Meta Quest 3’s ..."
What to Watch: October 2023 Highlights,10-19-2023,/t5/Announcements/What-to-Watch-October-2023-Highlights/ba-p/1094814,"From football and UFC Fight Pass to Halloween horror, Meta Quest is your
ticket to world-class entertainment from the comfort of home. Check out
our monthly What to Watch blog post for all the latest."
"Go Head-to-Head Online Against Rival QBs in ‘NFL PRO ERA II,’ Out Today on Meta Quest",10-19-2023,/t5/Announcements/Go-Head-to-Head-Online-Against-Rival-QBs-in-NFL-PRO-ERA-II-Out/ba-p/1094802,"t’s week seven in this year’s National Football League season, and if
you’re lucky, your favorite team might already be off to a strong start.
But no matter how well your team is doing right now, you ..."
Haunted Horizon: Celebrate Spooky Season in Meta Horizon Worlds,10-12-2023,/t5/Announcements/Haunted-Horizon-Celebrate-Spooky-Season-in-Meta-Horizon-Worlds/ba-p/1091636,"Spooky season is upon us, and Meta Horizon Worlds has you covered with
two brand-new Halloween-themed worlds from NBCUniversal, movie
marathons, and more. Check out our blog post for all the details."
Best on Quest 3: Devs Making the Most of Our Most Powerful Headset Yet,10-12-2023,/t5/Announcements/Best-on-Quest-3-Devs-Making-the-Most-of-Our-Most-Powerful/ba-p/1091534,"What do Red Matter 2, Espire 2, and The Walking Dead: Saints &amp; Sinners
have in common? They’re all part of our Best on Quest 3 program! We
interviewed the devs behind these newly upgraded titles to ge..."
Meta Quest 3: All the Games + Apps to Explore on Day One,10-12-2023,/t5/Announcements/Meta-Quest-3-All-the-Games-Apps-to-Explore-on-Day-One/ba-p/1091528,"Looking for games and updates to enjoy on Meta Quest 3? Look no further!
We’ve got you covered with our overview of the Quest 3 launch slate."
Shake Your Maracas in SEGA’s ‘Samba de Amigo: Virtual Party’,10-12-2023,/t5/Announcements/Shake-Your-Maracas-in-SEGA-s-Samba-de-Amigo-Virtual-Party/ba-p/1091511,"SEGA’s Samba de Amigo franchise has been entertaining people with its
vibrant blend of rhythm, action, and frantic fun since it first hit
arcades in December 1999. And today, it enters a new area with..."
PTC v59 Release Thread,10-11-2023,/t5/Announcements/PTC-v59-Release-Thread/ba-p/1090798,"Thanks everyone for all your feedback on our previous builds, several
bugs were identified in PTC v57 and the solutions for some have shipped,
while others are on the way! The Public Test Channel (PTC..."
Meta Monthly: September Recap,10-06-2023,/t5/Announcements/Meta-Monthly-September-Recap/ba-p/1088959,"The month of September was excitement all around for Meta’s Connect 2023
as well as a lot of other events sprinkled throughout the month. Read on
to see some of the highlights from not only the Connec..."
A Boundless Adventure: Co-Op RPG ‘Dungeons of Eternity’ is Out Today on Meta Quest 2 + Pro,10-05-2023,/t5/Announcements/A-Boundless-Adventure-Co-Op-RPG-Dungeons-of-Eternity-is-Out/ba-p/1088715,"Dungeons of Eternity is more than just a cool name for an action
RPG—it’s also a very succinct description of the game itself. It uses
procedural generation to assemble a new dungeon every time you pl..."
Encore: ‘Beat Saber’ Launches New Linkin Park x Mike Shinoda Music Pack,10-05-2023,/t5/Announcements/Encore-Beat-Saber-Launches-New-Linkin-Park-x-Mike-Shinoda-Music/ba-p/1088674,"Today, we’re thrilled to announce and launch Beat Saber’s Linkin Park x
Mike Shinoda Music Pack, featuring a new unreleased song from
singer/songwriter, producer, and Linkin Park co-founder Mike Shino..."
Developer Diary: Mortal Heroes & Warrior Followers in ‘Asgard’s Wrath 2’,10-05-2023,/t5/Announcements/Developer-Diary-Mortal-Heroes-amp-Warrior-Followers-in-Asgard-s/ba-p/1088670,"Go behind the scenes of Asgard’s Wrath 2 with Oculus Studios Senior
Producer Mari Kyle. In today’s Dev Diary, she gives us a deep dive on
the Mortal Heroes and Animal Warrior Followers that flesh out ..."
Quest 3 & Connect talks with our MVPs and the Meta team - Top 5 FAQs,10-04-2023,/t5/Announcements/Quest-3-amp-Connect-talks-with-our-MVPs-and-the-Meta-team-Top-5/ba-p/1088564,"Last week we held various events around Connect with our MVPs, one of
which was our weekly Walkabout Mini Golf game. This time, since it was
the Friday (or Saturday for some) of Connect week, we cente..."
Become a Master Assassin in ‘Assassin’s Creed® Nexus VR’,11-16-2023,/t5/Announcements/Become-a-Master-Assassin-in-Assassin-s-Creed-Nexus-VR/ba-p/1104825,"Today’s the day: Assassin’s Creed® Nexus VR has arrived! Parkour,
combat, and stealth combine to deliver VR’s very first entry in the
Assassin’s Creed universe—complete with brand-new storylines. Chec..."
"Meta Horizon Worlds Kicks Off VR Concert Events with BLACKPINK, iHeartRadio, and Red Rocks Series",11-15-2023,/t5/Announcements/Meta-Horizon-Worlds-Kicks-Off-VR-Concert-Events-with-BLACKPINK/ba-p/1104550,"Festival season is fab, but what if you could have all the fun, feels,
and fits combined with a killer view—no road trips or airport security
lines required? Turns out, you 100% can, thanks to VR. Che..."
PTC v60 Release Thread,11-14-2023,/t5/Announcements/PTC-v60-Release-Thread/ba-p/1104019,"Thanks everyone for all your feedback on our previous builds, several
bugs were identified in PTC v59 and the solutions for some have shipped,
while others are on the way! The Public Test Channel (PTC..."
Meta Monthly: Spooky Season comes to a close!,11-10-2023,/t5/Announcements/Meta-Monthly-Spooky-Season-comes-to-a-close/ba-p/1102843,"As we head further into the “ber” months, October officially comes to a
close. Since it’s the month after Quest 3’s awaited launch, there has
been a lot happening in terms of game releases and through..."
Game Night Gets Competitive: ‘Demeo Battles’ Combines Turn-Based Strategy & Combat,11-09-2023,/t5/Announcements/Game-Night-Gets-Competitive-Demeo-Battles-Combines-Turn-Based/ba-p/1102319,"Today, the Demeo Action Role-Playing System evolves with the highly
anticipated launch of Demeo Battles. A turn-based strategy game in which
two teams face off in combat, Demeo Battles offers fast-pac..."
"‘Onward’ Releases Update 1.13, Including a New Map + Night Vision Goggle Updates",11-07-2023,/t5/Announcements/Onward-Releases-Update-1-13-Including-a-New-Map-Night-Vision/ba-p/1099588,"Whether you’re a seasoned virtual soldier or a relative newcomer to
Onward, there’s never been a better time to jump in the game. Today
marks the release of Update 1.13, which brings with it improveme..."
Meta Quest+ November 2023 Titles: ‘NFL PRO ERA’ & ‘Angry Birds VR: Isle of Pigs’,11-01-2023,/t5/Announcements/Meta-Quest-November-2023-Titles-NFL-PRO-ERA-amp-Angry-Birds-VR/ba-p/1099458,"November is here, which means new Meta Quest+ games! Click here to learn
more."
Meta Quest 3 Selected as One of Oprah’s Favorite Things 2023,11-01-2023,/t5/Announcements/Meta-Quest-3-Selected-as-One-of-Oprah-s-Favorite-Things-2023/ba-p/1099348,"The holiday season is upon us, which means gift guides galore—including
the annual Oprah’s Favorite Things holiday gift list. Meta Quest 2 made
the cut for two years running, and it seems third year’s..."
Sinking the Hook into Horror Games,10-31-2023,/t5/Announcements/Sinking-the-Hook-into-Horror-Games/ba-p/1099139,"Back in 2020, Director of Content Ecosystem Chris Pruett wrote about how
VR is the best platform for horror games, in part because it demands
absolute attention, and in part because VR is good at gett..."
Stereoscopic Scares: Celebrate Halloween in VR & MR with Meta Quest,10-31-2023,/t5/Announcements/Stereoscopic-Scares-Celebrate-Halloween-in-VR-amp-MR-with-Meta/ba-p/1098070,"We just posted a list of over three dozen ways to celebrate spooky
season in-headset this year. What are your favorite holiday haunts? Let
us know, and we might include them in next year’s list!"
Meta Quest build v59 release notes,10-30-2023,/t5/Announcements/Meta-Quest-build-v59-release-notes/ba-p/1098899,"These features and enhancements will become available starting the week
of October 24, 2023 and will be pushed to Meta Quest 3, Meta Quest Pro
and Meta Quest 2 headsets. Please note that you can find ..."
‘Beat Saber’ Launches The Rolling Stones Music Pack,10-30-2023,/t5/Announcements/Beat-Saber-Launches-The-Rolling-Stones-Music-Pack/ba-p/1098830,"The Rolling Stones just released Hackney Diamonds, their first studio
album of original material since 2005, and to celebrate, the band is
partnering with Beat Saber to bring The Rolling Stones Music ..."
Who You Gonna Call? ‘Ghostbusters: Rise of the Ghost Lord’ Now Available on Meta Quest,10-27-2023,/t5/Announcements/Who-You-Gonna-Call-Ghostbusters-Rise-of-the-Ghost-Lord-Now/ba-p/1098021,"Whether you saw the original films in theaters, grew up on the animated
series, or just recently jumped on the franchise with 2021’s Afterlife,
odds are that Ghostbusters holds a special place in your..."
Pre-Order ‘Arizona Sunshine 2 Deluxe Edition’ to Save 10% and Unlock Exclusive Cosmetics,10-27-2023,/t5/Announcements/Pre-Order-Arizona-Sunshine-2-Deluxe-Edition-to-Save-10-and/ba-p/1098018,"For a limited time, you can pre-order Arizona Sunshine 2 Deluxe Edition
to save 10% off the purchase price and unlock exclusive cosmetics: the
Biker Bark Vest, Ducky Charm, and Worker Watch. Click her..."
Nothing But Net: The NBA Returns to Xtadium & Meta Horizon Worlds with Immersive Games for 2023-24,10-25-2023,/t5/Announcements/Nothing-But-Net-The-NBA-Returns-to-Xtadium-amp-Meta-Horizon/ba-p/1097145,"Get ready to go courtside from the comfort of home. The NBA is back with
52 immersive games on Meta Quest. Visit the blog for details."
Supernatural Introduces Subscription Bundles with Meta Quest 2 + 3,10-24-2023,/t5/Announcements/Supernatural-Introduces-Subscription-Bundles-with-Meta-Quest-2-3/ba-p/1096589,"It’s easier than ever for people to get started on your own fitness
journey: Starting today, any new purchase of Meta Quest 2 or 3 from
shop.getsupernatural.com in the US and Canada qualifies you for ..."
Meta Avatars Update: The Devil’s in the Details,10-24-2023,/t5/Announcements/Meta-Avatars-Update-The-Devil-s-in-the-Details/ba-p/1096585,"Whether you’re in your Barbiecore era, channeling your inner mermaid, or
taking a page out of goth icon Wednesday Addams’s playbook, Halloween is
the perfect time to express yourself, reinvent your im..."
Video Goes Volumetric: Step Inside Henry Stauf’s Mansion in ‘The 7th Guest VR’,10-19-2023,/t5/Announcements/Video-Goes-Volumetric-Step-Inside-Henry-Stauf-s-Mansion-in-The/ba-p/1094865,"It’s been 30 years since The 7th Guest originally launched, helping to
usher in a new era of CD-ROM gaming. So it seems only fitting that
Vertigo Games is releasing The 7th Guest VR in Meta Quest 3’s ..."
What to Watch: October 2023 Highlights,10-19-2023,/t5/Announcements/What-to-Watch-October-2023-Highlights/ba-p/1094814,"From football and UFC Fight Pass to Halloween horror, Meta Quest is your
ticket to world-class entertainment from the comfort of home. Check out
our monthly What to Watch blog post for all the latest."
"Go Head-to-Head Online Against Rival QBs in ‘NFL PRO ERA II,’ Out Today on Meta Quest",10-19-2023,/t5/Announcements/Go-Head-to-Head-Online-Against-Rival-QBs-in-NFL-PRO-ERA-II-Out/ba-p/1094802,"t’s week seven in this year’s National Football League season, and if
you’re lucky, your favorite team might already be off to a strong start.
But no matter how well your team is doing right now, you ..."
Haunted Horizon: Celebrate Spooky Season in Meta Horizon Worlds,10-12-2023,/t5/Announcements/Haunted-Horizon-Celebrate-Spooky-Season-in-Meta-Horizon-Worlds/ba-p/1091636,"Spooky season is upon us, and Meta Horizon Worlds has you covered with
two brand-new Halloween-themed worlds from NBCUniversal, movie
marathons, and more. Check out our blog post for all the details."
Best on Quest 3: Devs Making the Most of Our Most Powerful Headset Yet,10-12-2023,/t5/Announcements/Best-on-Quest-3-Devs-Making-the-Most-of-Our-Most-Powerful/ba-p/1091534,"What do Red Matter 2, Espire 2, and The Walking Dead: Saints &amp; Sinners
have in common? They’re all part of our Best on Quest 3 program! We
interviewed the devs behind these newly upgraded titles to ge..."
Meta Quest 3: All the Games + Apps to Explore on Day One,10-12-2023,/t5/Announcements/Meta-Quest-3-All-the-Games-Apps-to-Explore-on-Day-One/ba-p/1091528,"Looking for games and updates to enjoy on Meta Quest 3? Look no further!
We’ve got you covered with our overview of the Quest 3 launch slate."
Shake Your Maracas in SEGA’s ‘Samba de Amigo: Virtual Party’,10-12-2023,/t5/Announcements/Shake-Your-Maracas-in-SEGA-s-Samba-de-Amigo-Virtual-Party/ba-p/1091511,"SEGA’s Samba de Amigo franchise has been entertaining people with its
vibrant blend of rhythm, action, and frantic fun since it first hit
arcades in December 1999. And today, it enters a new area with..."
PTC v59 Release Thread,10-11-2023,/t5/Announcements/PTC-v59-Release-Thread/ba-p/1090798,"Thanks everyone for all your feedback on our previous builds, several
bugs were identified in PTC v57 and the solutions for some have shipped,
while others are on the way! The Public Test Channel (PTC..."
Meta Monthly: September Recap,10-06-2023,/t5/Announcements/Meta-Monthly-September-Recap/ba-p/1088959,"The month of September was excitement all around for Meta’s Connect 2023
as well as a lot of other events sprinkled throughout the month. Read on
to see some of the highlights from not only the Connec..."
A Boundless Adventure: Co-Op RPG ‘Dungeons of Eternity’ is Out Today on Meta Quest 2 + Pro,10-05-2023,/t5/Announcements/A-Boundless-Adventure-Co-Op-RPG-Dungeons-of-Eternity-is-Out/ba-p/1088715,"Dungeons of Eternity is more than just a cool name for an action
RPG—it’s also a very succinct description of the game itself. It uses
procedural generation to assemble a new dungeon every time you pl..."
Encore: ‘Beat Saber’ Launches New Linkin Park x Mike Shinoda Music Pack,10-05-2023,/t5/Announcements/Encore-Beat-Saber-Launches-New-Linkin-Park-x-Mike-Shinoda-Music/ba-p/1088674,"Today, we’re thrilled to announce and launch Beat Saber’s Linkin Park x
Mike Shinoda Music Pack, featuring a new unreleased song from
singer/songwriter, producer, and Linkin Park co-founder Mike Shino..."
Developer Diary: Mortal Heroes & Warrior Followers in ‘Asgard’s Wrath 2’,10-05-2023,/t5/Announcements/Developer-Diary-Mortal-Heroes-amp-Warrior-Followers-in-Asgard-s/ba-p/1088670,"Go behind the scenes of Asgard’s Wrath 2 with Oculus Studios Senior
Producer Mari Kyle. In today’s Dev Diary, she gives us a deep dive on
the Mortal Heroes and Animal Warrior Followers that flesh out ..."
Quest 3 & Connect talks with our MVPs and the Meta team - Top 5 FAQs,10-04-2023,/t5/Announcements/Quest-3-amp-Connect-talks-with-our-MVPs-and-the-Meta-team-Top-5/ba-p/1088564,"Last week we held various events around Connect with our MVPs, one of
which was our weekly Walkabout Mini Golf game. This time, since it was
the Friday (or Saturday for some) of Connect week, we cente..."
Become a Master Assassin in ‘Assassin’s Creed® Nexus VR’,11-16-2023,/t5/Announcements/Become-a-Master-Assassin-in-Assassin-s-Creed-Nexus-VR/ba-p/1104825,"Today’s the day: Assassin’s Creed® Nexus VR has arrived! Parkour,
combat, and stealth combine to deliver VR’s very first entry in the
Assassin’s Creed universe—complete with brand-new storylines. Chec..."
"Meta Horizon Worlds Kicks Off VR Concert Events with BLACKPINK, iHeartRadio, and Red Rocks Series",11-15-2023,/t5/Announcements/Meta-Horizon-Worlds-Kicks-Off-VR-Concert-Events-with-BLACKPINK/ba-p/1104550,"Festival season is fab, but what if you could have all the fun, feels,
and fits combined with a killer view—no road trips or airport security
lines required? Turns out, you 100% can, thanks to VR. Che..."
PTC v60 Release Thread,11-14-2023,/t5/Announcements/PTC-v60-Release-Thread/ba-p/1104019,"Thanks everyone for all your feedback on our previous builds, several
bugs were identified in PTC v59 and the solutions for some have shipped,
while others are on the way! The Public Test Channel (PTC..."
Meta Monthly: Spooky Season comes to a close!,11-10-2023,/t5/Announcements/Meta-Monthly-Spooky-Season-comes-to-a-close/ba-p/1102843,"As we head further into the “ber” months, October officially comes to a
close. Since it’s the month after Quest 3’s awaited launch, there has
been a lot happening in terms of game releases and through..."
Game Night Gets Competitive: ‘Demeo Battles’ Combines Turn-Based Strategy & Combat,11-09-2023,/t5/Announcements/Game-Night-Gets-Competitive-Demeo-Battles-Combines-Turn-Based/ba-p/1102319,"Today, the Demeo Action Role-Playing System evolves with the highly
anticipated launch of Demeo Battles. A turn-based strategy game in which
two teams face off in combat, Demeo Battles offers fast-pac..."
"‘Onward’ Releases Update 1.13, Including a New Map + Night Vision Goggle Updates",11-07-2023,/t5/Announcements/Onward-Releases-Update-1-13-Including-a-New-Map-Night-Vision/ba-p/1099588,"Whether you’re a seasoned virtual soldier or a relative newcomer to
Onward, there’s never been a better time to jump in the game. Today
marks the release of Update 1.13, which brings with it improveme..."
Meta Quest+ November 2023 Titles: ‘NFL PRO ERA’ & ‘Angry Birds VR: Isle of Pigs’,11-01-2023,/t5/Announcements/Meta-Quest-November-2023-Titles-NFL-PRO-ERA-amp-Angry-Birds-VR/ba-p/1099458,"November is here, which means new Meta Quest+ games! Click here to learn
more."
Meta Quest 3 Selected as One of Oprah’s Favorite Things 2023,11-01-2023,/t5/Announcements/Meta-Quest-3-Selected-as-One-of-Oprah-s-Favorite-Things-2023/ba-p/1099348,"The holiday season is upon us, which means gift guides galore—including
the annual Oprah’s Favorite Things holiday gift list. Meta Quest 2 made
the cut for two years running, and it seems third year’s..."
Sinking the Hook into Horror Games,10-31-2023,/t5/Announcements/Sinking-the-Hook-into-Horror-Games/ba-p/1099139,"Back in 2020, Director of Content Ecosystem Chris Pruett wrote about how
VR is the best platform for horror games, in part because it demands
absolute attention, and in part because VR is good at gett..."
Stereoscopic Scares: Celebrate Halloween in VR & MR with Meta Quest,10-31-2023,/t5/Announcements/Stereoscopic-Scares-Celebrate-Halloween-in-VR-amp-MR-with-Meta/ba-p/1098070,"We just posted a list of over three dozen ways to celebrate spooky
season in-headset this year. What are your favorite holiday haunts? Let
us know, and we might include them in next year’s list!"
Meta Quest build v59 release notes,10-30-2023,/t5/Announcements/Meta-Quest-build-v59-release-notes/ba-p/1098899,"These features and enhancements will become available starting the week
of October 24, 2023 and will be pushed to Meta Quest 3, Meta Quest Pro
and Meta Quest 2 headsets. Please note that you can find ..."
‘Beat Saber’ Launches The Rolling Stones Music Pack,10-30-2023,/t5/Announcements/Beat-Saber-Launches-The-Rolling-Stones-Music-Pack/ba-p/1098830,"The Rolling Stones just released Hackney Diamonds, their first studio
album of original material since 2005, and to celebrate, the band is
partnering with Beat Saber to bring The Rolling Stones Music ..."
Who You Gonna Call? ‘Ghostbusters: Rise of the Ghost Lord’ Now Available on Meta Quest,10-27-2023,/t5/Announcements/Who-You-Gonna-Call-Ghostbusters-Rise-of-the-Ghost-Lord-Now/ba-p/1098021,"Whether you saw the original films in theaters, grew up on the animated
series, or just recently jumped on the franchise with 2021’s Afterlife,
odds are that Ghostbusters holds a special place in your..."
Pre-Order ‘Arizona Sunshine 2 Deluxe Edition’ to Save 10% and Unlock Exclusive Cosmetics,10-27-2023,/t5/Announcements/Pre-Order-Arizona-Sunshine-2-Deluxe-Edition-to-Save-10-and/ba-p/1098018,"For a limited time, you can pre-order Arizona Sunshine 2 Deluxe Edition
to save 10% off the purchase price and unlock exclusive cosmetics: the
Biker Bark Vest, Ducky Charm, and Worker Watch. Click her..."
Nothing But Net: The NBA Returns to Xtadium & Meta Horizon Worlds with Immersive Games for 2023-24,10-25-2023,/t5/Announcements/Nothing-But-Net-The-NBA-Returns-to-Xtadium-amp-Meta-Horizon/ba-p/1097145,"Get ready to go courtside from the comfort of home. The NBA is back with
52 immersive games on Meta Quest. Visit the blog for details."
Supernatural Introduces Subscription Bundles with Meta Quest 2 + 3,10-24-2023,/t5/Announcements/Supernatural-Introduces-Subscription-Bundles-with-Meta-Quest-2-3/ba-p/1096589,"It’s easier than ever for people to get started on your own fitness
journey: Starting today, any new purchase of Meta Quest 2 or 3 from
shop.getsupernatural.com in the US and Canada qualifies you for ..."
Meta Avatars Update: The Devil’s in the Details,10-24-2023,/t5/Announcements/Meta-Avatars-Update-The-Devil-s-in-the-Details/ba-p/1096585,"Whether you’re in your Barbiecore era, channeling your inner mermaid, or
taking a page out of goth icon Wednesday Addams’s playbook, Halloween is
the perfect time to express yourself, reinvent your im..."
Video Goes Volumetric: Step Inside Henry Stauf’s Mansion in ‘The 7th Guest VR’,10-19-2023,/t5/Announcements/Video-Goes-Volumetric-Step-Inside-Henry-Stauf-s-Mansion-in-The/ba-p/1094865,"It’s been 30 years since The 7th Guest originally launched, helping to
usher in a new era of CD-ROM gaming. So it seems only fitting that
Vertigo Games is releasing The 7th Guest VR in Meta Quest 3’s ..."
What to Watch: October 2023 Highlights,10-19-2023,/t5/Announcements/What-to-Watch-October-2023-Highlights/ba-p/1094814,"From football and UFC Fight Pass to Halloween horror, Meta Quest is your
ticket to world-class entertainment from the comfort of home. Check out
our monthly What to Watch blog post for all the latest."
"Go Head-to-Head Online Against Rival QBs in ‘NFL PRO ERA II,’ Out Today on Meta Quest",10-19-2023,/t5/Announcements/Go-Head-to-Head-Online-Against-Rival-QBs-in-NFL-PRO-ERA-II-Out/ba-p/1094802,"t’s week seven in this year’s National Football League season, and if
you’re lucky, your favorite team might already be off to a strong start.
But no matter how well your team is doing right now, you ..."
Haunted Horizon: Celebrate Spooky Season in Meta Horizon Worlds,10-12-2023,/t5/Announcements/Haunted-Horizon-Celebrate-Spooky-Season-in-Meta-Horizon-Worlds/ba-p/1091636,"Spooky season is upon us, and Meta Horizon Worlds has you covered with
two brand-new Halloween-themed worlds from NBCUniversal, movie
marathons, and more. Check out our blog post for all the details."
Best on Quest 3: Devs Making the Most of Our Most Powerful Headset Yet,10-12-2023,/t5/Announcements/Best-on-Quest-3-Devs-Making-the-Most-of-Our-Most-Powerful/ba-p/1091534,"What do Red Matter 2, Espire 2, and The Walking Dead: Saints &amp; Sinners
have in common? They’re all part of our Best on Quest 3 program! We
interviewed the devs behind these newly upgraded titles to ge..."
Meta Quest 3: All the Games + Apps to Explore on Day One,10-12-2023,/t5/Announcements/Meta-Quest-3-All-the-Games-Apps-to-Explore-on-Day-One/ba-p/1091528,"Looking for games and updates to enjoy on Meta Quest 3? Look no further!
We’ve got you covered with our overview of the Quest 3 launch slate."
Shake Your Maracas in SEGA’s ‘Samba de Amigo: Virtual Party’,10-12-2023,/t5/Announcements/Shake-Your-Maracas-in-SEGA-s-Samba-de-Amigo-Virtual-Party/ba-p/1091511,"SEGA’s Samba de Amigo franchise has been entertaining people with its
vibrant blend of rhythm, action, and frantic fun since it first hit
arcades in December 1999. And today, it enters a new area with..."
PTC v59 Release Thread,10-11-2023,/t5/Announcements/PTC-v59-Release-Thread/ba-p/1090798,"Thanks everyone for all your feedback on our previous builds, several
bugs were identified in PTC v57 and the solutions for some have shipped,
while others are on the way! The Public Test Channel (PTC..."
Meta Monthly: September Recap,10-06-2023,/t5/Announcements/Meta-Monthly-September-Recap/ba-p/1088959,"The month of September was excitement all around for Meta’s Connect 2023
as well as a lot of other events sprinkled throughout the month. Read on
to see some of the highlights from not only the Connec..."
A Boundless Adventure: Co-Op RPG ‘Dungeons of Eternity’ is Out Today on Meta Quest 2 + Pro,10-05-2023,/t5/Announcements/A-Boundless-Adventure-Co-Op-RPG-Dungeons-of-Eternity-is-Out/ba-p/1088715,"Dungeons of Eternity is more than just a cool name for an action
RPG—it’s also a very succinct description of the game itself. It uses
procedural generation to assemble a new dungeon every time you pl..."
Encore: ‘Beat Saber’ Launches New Linkin Park x Mike Shinoda Music Pack,10-05-2023,/t5/Announcements/Encore-Beat-Saber-Launches-New-Linkin-Park-x-Mike-Shinoda-Music/ba-p/1088674,"Today, we’re thrilled to announce and launch Beat Saber’s Linkin Park x
Mike Shinoda Music Pack, featuring a new unreleased song from
singer/songwriter, producer, and Linkin Park co-founder Mike Shino..."
Developer Diary: Mortal Heroes & Warrior Followers in ‘Asgard’s Wrath 2’,10-05-2023,/t5/Announcements/Developer-Diary-Mortal-Heroes-amp-Warrior-Followers-in-Asgard-s/ba-p/1088670,"Go behind the scenes of Asgard’s Wrath 2 with Oculus Studios Senior
Producer Mari Kyle. In today’s Dev Diary, she gives us a deep dive on
the Mortal Heroes and Animal Warrior Followers that flesh out ..."
Quest 3 & Connect talks with our MVPs and the Meta team - Top 5 FAQs,10-04-2023,/t5/Announcements/Quest-3-amp-Connect-talks-with-our-MVPs-and-the-Meta-team-Top-5/ba-p/1088564,"Last week we held various events around Connect with our MVPs, one of
which was our weekly Walkabout Mini Golf game. This time, since it was
the Friday (or Saturday for some) of Connect week, we cente..."
Meta Quest build v50 release notes,02-24-2023,/t5/Announcements/Meta-Quest-build-v50-release-notes/ba-p/1031710,"These features and enhancements will become available starting the week
of February 21, 2023 and will be pushed to Meta Quest Pro, Meta Quest 2
and Meta Quest headsets. Changes for Quest 1 As we look ..."
PTC v50 Release Megathread,02-10-2023,/t5/Announcements/PTC-v50-Release-Megathread/ba-p/1028501,"The Public Test Channel (PTC) for Quest and Quest 2 v50 is starting to
roll out. Meta Quest Pro is not included in the PTC at this time. Let's
use this thread for collecting feedback on it. Share your..."
Meta Quest build 49.0 release notes,01-24-2023,/t5/Announcements/Meta-Quest-build-49-0-release-notes/ba-p/1023664,"These features and enhancements will become available starting the week
of January 19th, 2023 and will be pushed to Meta Quest Pro, Meta Quest 2
and Meta Quest headsets. Explore new Home environments ..."
PTC v49 Release Megathread,01-17-2023,/t5/Announcements/PTC-v49-Release-Megathread/ba-p/1021877,"The Public Test Channel (PTC) for Quest and Quest 2 v49 is starting to
roll out. Meta Quest Pro is not included in the PTC at this time. Let's
use this thread for collecting feedback on it. Share your..."
Meta Quest Build v47 Release Notes,12-05-2022,/t5/Announcements/Meta-Quest-Build-v47-Release-Notes/ba-p/1004145,"These features and enhancements will become available starting the week
of November 28th, 2022 and will be pushed to Meta Quest Pro, Meta Quest
2 and Meta Quest headsets. Background Audio Playback (Me..."
PTC for Quest v.47 Megathread,11-16-2022,/t5/Announcements/PTC-for-Quest-v-47-Megathread/ba-p/998453,"The Public Test Channel (PTC) for Quest and Quest 2 v47 is starting to
roll out. Meta Quest Pro is not included in the PTC at this time. Let's
use this thread for collecting feedback on it. Share your..."
Connect 2022 VR Announcements - Meta Quest Pro,10-11-2022,/t5/Announcements/Connect-2022-VR-Announcements-Meta-Quest-Pro/ba-p/991654,"Lots of exciting news in today’s Connect 2022 keynote. We've wrapped up
the biggest VR topics into an article on our blog. See the VR News at
Meta Connect 2022 for a quick summary. We've been sharing ..."
Watching Meta Connect 2022,10-11-2022,/t5/Announcements/Watching-Meta-Connect-2022/ba-p/991582,"What is Meta Connect and how do I watch it? Meta Connect is our annual
conference for developers, creators, tech enthusiasts and others who
want to hear about our latest efforts to build the future of..."
Meta Quest build v46 release notes,10-07-2022,/t5/Announcements/Meta-Quest-build-v46-release-notes/ba-p/990948,"These features and enhancements will become available starting the week
of October 6th, 2022 and will be pushed to Meta Quest and Meta Quest 2
headsets. Privacy settings We’ve redesigned, revamped and..."
October 2022: Community Forums Changes Announcement,10-07-2022,/t5/Announcements/October-2022-Community-Forums-Changes-Announcement/ba-p/990934,"Hey Everyone! As you may have noticed, we’ve done some updating to the
site, which means we’ve moved a few things around. To note, here are the
main updates to know about:- All Support related topics ..."
For Our Meta Quest Developers,10-07-2022,/t5/Announcements/For-Our-Meta-Quest-Developers/ba-p/990933,"Developers are crucial to the success of our products. I repeat,
CRUCIAL! Seriously, what would our hardware be without the awesome
things you have already or are in the works of creating? Which means..."
Submitting Your Ideas or Change Requests,10-07-2022,/t5/Announcements/Submitting-Your-Ideas-or-Change-Requests/ba-p/990932,"If you think you have a great idea for a new Meta product feature or a
change that you'd like to see with an existing Meta product item, you
can leave your feedback on our Ideas board! The how-tos to ..."
FAQs on Meta Quest Software Updates,10-07-2022,/t5/Announcements/FAQs-on-Meta-Quest-Software-Updates/ba-p/990925,"We receive a number of questions about how and when Quest software
updates will roll out to users. While all the information on that is a
bit long to include in this post, we've assembled a list of Fr..."
Forum Rules,10-07-2022,/t5/Announcements/Forum-Rules/ba-p/990924,"A full list of our forum rules here:Be Respectful - Every member should
feel welcome, no matter who they are or where they come from. Please
maintain a respectful tone at all times when posting in the..."
Our Community Guidelines,10-07-2022,/t5/Announcements/Our-Community-Guidelines/ba-p/990920,"(Updated as of: October 2022) We are doing some revamping around the
site, so we thought we should do some updating to our Community
Guidelines too.The first and foremost rule to any game is HAVE FUN...."
Welcome to the Meta VR Community!,10-07-2022,/t5/Announcements/Welcome-to-the-Meta-VR-Community/ba-p/990917,"We are so happy to have you here! This is the official place to help you
take your Meta Quest gaming to the next level and join a community of
Quest users from around the world! Do you have questions?..."
Meta Quest build v44  release notes,09-22-2022,/t5/Announcements/Meta-Quest-build-v44-release-notes/ba-p/987277,"These features and enhancements will become available starting the week
of September 15, 2022. Advanced Creator Settings We want to empower
creators to capture and deliver high quality experiences to ..."
Quest PTC v44 Release Megathread,08-31-2022,/t5/Announcements/Quest-PTC-v44-Release-Megathread/ba-p/982186,"The Public Test Channel (PTC) for Quest and Quest 2 v44 is starting to
roll out. Let's use this thread for collecting feedback on it. Share
your impressions and let us know if you see any issues. Plea..."
Horizon Workrooms is moving to Meta accounts,08-30-2022,/t5/Announcements/Horizon-Workrooms-is-moving-to-Meta-accounts/ba-p/981960,"Ahoy, everyone! We have some new information for our friends using
Horizon Workrooms! A lot of you have been transitioning over to Meta
Accounts recently, and as we've started to roll that migration t..."
Meta accounts are here,08-23-2022,/t5/Announcements/Meta-accounts-are-here/ba-p/980164,"Starting today, you’re no longer required to log into your Meta VR
devices using a Facebook account. Find out all about Meta accounts and
Meta Horizon profiles on our blog post. You can now set up a M..."
Meta Quest build v43 release notes,08-15-2022,/t5/Announcements/Meta-Quest-build-v43-release-notes/ba-p/978786,"These features and enhancements will become available starting the week
of August 8th, 2022. Meta Accounts We’ll begin rolling out a new Meta
account structure in August 2022 that gives people more fl..."
PTC v43 Release Megathread,07-21-2022,/t5/Announcements/PTC-v43-Release-Megathread/ba-p/974676,"The Public Test Channel (PTC) for Quest and Quest 2 v43 is starting to
roll out. Let's use this thread for collecting feedback on it. Share
your impressions and let us know if you see any issues. Plea..."
Meta Quest build v42 release notes,07-11-2022,/t5/Announcements/Meta-Quest-build-v42-release-notes/ba-p/972798,"These features and enhancements will become available starting the week
of July 11th, 2022. Move 2.0 We’ve been listening to your suggestions to
improve Move in order to make it easier to track your V..."
PTC v42 Release Megathread,07-08-2022,/t5/Announcements/PTC-v42-Release-Megathread/ba-p/972309,"The Public Test Channel (PTC) for Quest and Quest 2 v42 is starting to
roll out. Let's use this thread for collecting feedback on it. Share
your impressions and let us know if you see any issues. Plea..."
Introducing Meta Accounts: A New Login for VR,07-07-2022,/t5/Announcements/Introducing-Meta-Accounts-A-New-Login-for-VR/ba-p/972079,"Coming in August 2022, we’ll begin rolling out Meta accounts, a new way
for people to log into their VR headsets that doesn’t require a Facebook
account. Your Meta account is not a social media profil..."
Meta Quest build v41 release notes,06-14-2022,/t5/Announcements/Meta-Quest-build-v41-release-notes/ba-p/968302,"These features and enhancements will become available starting the week
of June 14th, 2022. Meta Horizon Home In this release we’re introducing
early access to Meta Horizon Home; your personal VR soci..."
PTC v41 Release Megathread,06-02-2022,/t5/Announcements/PTC-v41-Release-Megathread/ba-p/966379,"The Public Test Channel (PTC) for Quest and Quest 2 v41 is starting to
roll out. Let's use this thread for collecting feedback on it. Share
your impressions and let us know if you see any issues. Plea..."
Quest build v40 release notes,05-19-2022,/t5/Announcements/Quest-build-v40-release-notes/ba-p/964070,"These features and enhancements will start rolling out during the week
of May 16th, 2022. Tracked Keyboard Support We’ve added support for
additional tracked keyboards. We’ve also added the ability to..."
PTC v40 Release Megathread,05-02-2022,/t5/Announcements/PTC-v40-Release-Megathread/ba-p/961198,"The Public Test Channel (PTC) for Quest and Quest 2 v40 is starting to
roll out today. Let's use this thread for collecting feedback on it.
Share your impressions and let us know if you see any issues..."
Quest build v39 release notes,04-14-2022,/t5/Announcements/Quest-build-v39-release-notes/ba-p/957786,"These features and enhancements will be rolling out soon. Virtual
Workspace We’ve added a section to our settings page so you can
customize your virtual workspace to fit your needs. We’re also adding ..."
Become a Master Assassin in ‘Assassin’s Creed® Nexus VR’,11-16-2023,/t5/Announcements/Become-a-Master-Assassin-in-Assassin-s-Creed-Nexus-VR/ba-p/1104825,"Today’s the day: Assassin’s Creed® Nexus VR has arrived! Parkour,
combat, and stealth combine to deliver VR’s very first entry in the
Assassin’s Creed universe—complete with brand-new storylines. Chec..."
"Meta Horizon Worlds Kicks Off VR Concert Events with BLACKPINK, iHeartRadio, and Red Rocks Series",11-15-2023,/t5/Announcements/Meta-Horizon-Worlds-Kicks-Off-VR-Concert-Events-with-BLACKPINK/ba-p/1104550,"Festival season is fab, but what if you could have all the fun, feels,
and fits combined with a killer view—no road trips or airport security
lines required? Turns out, you 100% can, thanks to VR. Che..."
PTC v60 Release Thread,11-14-2023,/t5/Announcements/PTC-v60-Release-Thread/ba-p/1104019,"Thanks everyone for all your feedback on our previous builds, several
bugs were identified in PTC v59 and the solutions for some have shipped,
while others are on the way! The Public Test Channel (PTC..."
Meta Monthly: Spooky Season comes to a close!,11-10-2023,/t5/Announcements/Meta-Monthly-Spooky-Season-comes-to-a-close/ba-p/1102843,"As we head further into the “ber” months, October officially comes to a
close. Since it’s the month after Quest 3’s awaited launch, there has
been a lot happening in terms of game releases and through..."
Game Night Gets Competitive: ‘Demeo Battles’ Combines Turn-Based Strategy & Combat,11-09-2023,/t5/Announcements/Game-Night-Gets-Competitive-Demeo-Battles-Combines-Turn-Based/ba-p/1102319,"Today, the Demeo Action Role-Playing System evolves with the highly
anticipated launch of Demeo Battles. A turn-based strategy game in which
two teams face off in combat, Demeo Battles offers fast-pac..."
"‘Onward’ Releases Update 1.13, Including a New Map + Night Vision Goggle Updates",11-07-2023,/t5/Announcements/Onward-Releases-Update-1-13-Including-a-New-Map-Night-Vision/ba-p/1099588,"Whether you’re a seasoned virtual soldier or a relative newcomer to
Onward, there’s never been a better time to jump in the game. Today
marks the release of Update 1.13, which brings with it improveme..."
Meta Quest+ November 2023 Titles: ‘NFL PRO ERA’ & ‘Angry Birds VR: Isle of Pigs’,11-01-2023,/t5/Announcements/Meta-Quest-November-2023-Titles-NFL-PRO-ERA-amp-Angry-Birds-VR/ba-p/1099458,"November is here, which means new Meta Quest+ games! Click here to learn
more."
Meta Quest 3 Selected as One of Oprah’s Favorite Things 2023,11-01-2023,/t5/Announcements/Meta-Quest-3-Selected-as-One-of-Oprah-s-Favorite-Things-2023/ba-p/1099348,"The holiday season is upon us, which means gift guides galore—including
the annual Oprah’s Favorite Things holiday gift list. Meta Quest 2 made
the cut for two years running, and it seems third year’s..."
Sinking the Hook into Horror Games,10-31-2023,/t5/Announcements/Sinking-the-Hook-into-Horror-Games/ba-p/1099139,"Back in 2020, Director of Content Ecosystem Chris Pruett wrote about how
VR is the best platform for horror games, in part because it demands
absolute attention, and in part because VR is good at gett..."
Stereoscopic Scares: Celebrate Halloween in VR & MR with Meta Quest,10-31-2023,/t5/Announcements/Stereoscopic-Scares-Celebrate-Halloween-in-VR-amp-MR-with-Meta/ba-p/1098070,"We just posted a list of over three dozen ways to celebrate spooky
season in-headset this year. What are your favorite holiday haunts? Let
us know, and we might include them in next year’s list!"
Meta Quest build v59 release notes,10-30-2023,/t5/Announcements/Meta-Quest-build-v59-release-notes/ba-p/1098899,"These features and enhancements will become available starting the week
of October 24, 2023 and will be pushed to Meta Quest 3, Meta Quest Pro
and Meta Quest 2 headsets. Please note that you can find ..."
‘Beat Saber’ Launches The Rolling Stones Music Pack,10-30-2023,/t5/Announcements/Beat-Saber-Launches-The-Rolling-Stones-Music-Pack/ba-p/1098830,"The Rolling Stones just released Hackney Diamonds, their first studio
album of original material since 2005, and to celebrate, the band is
partnering with Beat Saber to bring The Rolling Stones Music ..."
Who You Gonna Call? ‘Ghostbusters: Rise of the Ghost Lord’ Now Available on Meta Quest,10-27-2023,/t5/Announcements/Who-You-Gonna-Call-Ghostbusters-Rise-of-the-Ghost-Lord-Now/ba-p/1098021,"Whether you saw the original films in theaters, grew up on the animated
series, or just recently jumped on the franchise with 2021’s Afterlife,
odds are that Ghostbusters holds a special place in your..."
Pre-Order ‘Arizona Sunshine 2 Deluxe Edition’ to Save 10% and Unlock Exclusive Cosmetics,10-27-2023,/t5/Announcements/Pre-Order-Arizona-Sunshine-2-Deluxe-Edition-to-Save-10-and/ba-p/1098018,"For a limited time, you can pre-order Arizona Sunshine 2 Deluxe Edition
to save 10% off the purchase price and unlock exclusive cosmetics: the
Biker Bark Vest, Ducky Charm, and Worker Watch. Click her..."
Nothing But Net: The NBA Returns to Xtadium & Meta Horizon Worlds with Immersive Games for 2023-24,10-25-2023,/t5/Announcements/Nothing-But-Net-The-NBA-Returns-to-Xtadium-amp-Meta-Horizon/ba-p/1097145,"Get ready to go courtside from the comfort of home. The NBA is back with
52 immersive games on Meta Quest. Visit the blog for details."
Supernatural Introduces Subscription Bundles with Meta Quest 2 + 3,10-24-2023,/t5/Announcements/Supernatural-Introduces-Subscription-Bundles-with-Meta-Quest-2-3/ba-p/1096589,"It’s easier than ever for people to get started on your own fitness
journey: Starting today, any new purchase of Meta Quest 2 or 3 from
shop.getsupernatural.com in the US and Canada qualifies you for ..."
Meta Avatars Update: The Devil’s in the Details,10-24-2023,/t5/Announcements/Meta-Avatars-Update-The-Devil-s-in-the-Details/ba-p/1096585,"Whether you’re in your Barbiecore era, channeling your inner mermaid, or
taking a page out of goth icon Wednesday Addams’s playbook, Halloween is
the perfect time to express yourself, reinvent your im..."
Video Goes Volumetric: Step Inside Henry Stauf’s Mansion in ‘The 7th Guest VR’,10-19-2023,/t5/Announcements/Video-Goes-Volumetric-Step-Inside-Henry-Stauf-s-Mansion-in-The/ba-p/1094865,"It’s been 30 years since The 7th Guest originally launched, helping to
usher in a new era of CD-ROM gaming. So it seems only fitting that
Vertigo Games is releasing The 7th Guest VR in Meta Quest 3’s ..."
What to Watch: October 2023 Highlights,10-19-2023,/t5/Announcements/What-to-Watch-October-2023-Highlights/ba-p/1094814,"From football and UFC Fight Pass to Halloween horror, Meta Quest is your
ticket to world-class entertainment from the comfort of home. Check out
our monthly What to Watch blog post for all the latest."
"Go Head-to-Head Online Against Rival QBs in ‘NFL PRO ERA II,’ Out Today on Meta Quest",10-19-2023,/t5/Announcements/Go-Head-to-Head-Online-Against-Rival-QBs-in-NFL-PRO-ERA-II-Out/ba-p/1094802,"t’s week seven in this year’s National Football League season, and if
you’re lucky, your favorite team might already be off to a strong start.
But no matter how well your team is doing right now, you ..."
Haunted Horizon: Celebrate Spooky Season in Meta Horizon Worlds,10-12-2023,/t5/Announcements/Haunted-Horizon-Celebrate-Spooky-Season-in-Meta-Horizon-Worlds/ba-p/1091636,"Spooky season is upon us, and Meta Horizon Worlds has you covered with
two brand-new Halloween-themed worlds from NBCUniversal, movie
marathons, and more. Check out our blog post for all the details."
Best on Quest 3: Devs Making the Most of Our Most Powerful Headset Yet,10-12-2023,/t5/Announcements/Best-on-Quest-3-Devs-Making-the-Most-of-Our-Most-Powerful/ba-p/1091534,"What do Red Matter 2, Espire 2, and The Walking Dead: Saints &amp; Sinners
have in common? They’re all part of our Best on Quest 3 program! We
interviewed the devs behind these newly upgraded titles to ge..."
Meta Quest 3: All the Games + Apps to Explore on Day One,10-12-2023,/t5/Announcements/Meta-Quest-3-All-the-Games-Apps-to-Explore-on-Day-One/ba-p/1091528,"Looking for games and updates to enjoy on Meta Quest 3? Look no further!
We’ve got you covered with our overview of the Quest 3 launch slate."
Shake Your Maracas in SEGA’s ‘Samba de Amigo: Virtual Party’,10-12-2023,/t5/Announcements/Shake-Your-Maracas-in-SEGA-s-Samba-de-Amigo-Virtual-Party/ba-p/1091511,"SEGA’s Samba de Amigo franchise has been entertaining people with its
vibrant blend of rhythm, action, and frantic fun since it first hit
arcades in December 1999. And today, it enters a new area with..."
PTC v59 Release Thread,10-11-2023,/t5/Announcements/PTC-v59-Release-Thread/ba-p/1090798,"Thanks everyone for all your feedback on our previous builds, several
bugs were identified in PTC v57 and the solutions for some have shipped,
while others are on the way! The Public Test Channel (PTC..."
Meta Monthly: September Recap,10-06-2023,/t5/Announcements/Meta-Monthly-September-Recap/ba-p/1088959,"The month of September was excitement all around for Meta’s Connect 2023
as well as a lot of other events sprinkled throughout the month. Read on
to see some of the highlights from not only the Connec..."
A Boundless Adventure: Co-Op RPG ‘Dungeons of Eternity’ is Out Today on Meta Quest 2 + Pro,10-05-2023,/t5/Announcements/A-Boundless-Adventure-Co-Op-RPG-Dungeons-of-Eternity-is-Out/ba-p/1088715,"Dungeons of Eternity is more than just a cool name for an action
RPG—it’s also a very succinct description of the game itself. It uses
procedural generation to assemble a new dungeon every time you pl..."
Encore: ‘Beat Saber’ Launches New Linkin Park x Mike Shinoda Music Pack,10-05-2023,/t5/Announcements/Encore-Beat-Saber-Launches-New-Linkin-Park-x-Mike-Shinoda-Music/ba-p/1088674,"Today, we’re thrilled to announce and launch Beat Saber’s Linkin Park x
Mike Shinoda Music Pack, featuring a new unreleased song from
singer/songwriter, producer, and Linkin Park co-founder Mike Shino..."
Developer Diary: Mortal Heroes & Warrior Followers in ‘Asgard’s Wrath 2’,10-05-2023,/t5/Announcements/Developer-Diary-Mortal-Heroes-amp-Warrior-Followers-in-Asgard-s/ba-p/1088670,"Go behind the scenes of Asgard’s Wrath 2 with Oculus Studios Senior
Producer Mari Kyle. In today’s Dev Diary, she gives us a deep dive on
the Mortal Heroes and Animal Warrior Followers that flesh out ..."
Quest 3 & Connect talks with our MVPs and the Meta team - Top 5 FAQs,10-04-2023,/t5/Announcements/Quest-3-amp-Connect-talks-with-our-MVPs-and-the-Meta-team-Top-5/ba-p/1088564,"Last week we held various events around Connect with our MVPs, one of
which was our weekly Walkabout Mini Golf game. This time, since it was
the Friday (or Saturday for some) of Connect week, we cente..."
